Symbol,Ionic Radius (angstroms),Modulus of Elasticity  Mpa, BP (K),MP (K),Density,at. wt.,BCCefflatcnt,BCCenergy_pa,BCCenergydiff,BCCfermi,BCCmagmom,BCCvolume_pa,BCCvolume_padiff,GSbandgap,GSefflatcnt,GSenergy_pa,GSmagmom,GSvolume_pa,HHIp,HHIr,ICSDVolume,covalent radius,Ionization Energy (kJ/mol),Atomic Radius (?),Electron Affinity (eV),At. Radius   (angstroms),Atomic Volume (cm?/mol),MendeleevNumber,n_ws^third,First Ionization Potential (V),Second Ionization Potential  (V),Third Ionization Potential  (V),Coeficient of Thermal Expansion (10^-6 K-1),specific heat capacity,thermal conductivity,electrical conductivity,heat of fusion,Heat of Vaporization,Electro-  negativity
H,1.54,,20.28,13.81,0.0899,1.00797,3.589268453,-2.13581094,1.195479825,3.21974562,0,2.89,-3.725,7.853,4.730241098,-3.331290765,0,6.615,,,32,0.32,1312,0.32,0.754,0.79,14.4,92,1.5,13.598, , ,0,14.3,0.1815, ,0.0585,0.4581,2.2
He, ,,4.216,0.95,0.1785,4.0026,5.373994764,-2.00067286,-2.00180826,1.723477125,0,9.7,-2.605,18.098,5.817466176,0.0011354,0,12.305,320,390,19,0.93,"2,372.30",0.5,-0.52,0.49,19.5,98,,24.587,54.416, ,0,5.193,0.152, ,0.021,0.084, 
Li,0.76,10,1615,453.7,0.53,6.941,6.416364372,-1.86553478,0.00435213,0.22720863,0,16.51,-0.083333333,0,6.427141677,-1.86988691,0,16.59333333,290,420,21.6,1.23,520,1.55,0.618,2.05,13.1,1,0.98,5.392,76.638,122.451,46,3.582,84.7,11.7,3,147.1,0.98
Be,0.45,301,3243,1560,1.85,9.01218,4.99733191,-3.65527191,0.099766785,8.09610906,0,7.8,-0.09,0,5.016478962,-3.755038695,0,7.89,800,400,8.1,0.9,899.4,1.12,-0.52,1.4,5,67,1.67,9.322,18.211,153.893,11.3,1.825,200,25,11.71,297,1.57
B,0.23,441,4275,2365,2.34,10.811,4.606669594,-4.96643126,1.711266894,10.25960696,0,6.11,-1.0625,1.524,4.859558857,-6.677698154,0,7.1725,290,200,7.7,0.82,800.6,0.98,0.28,1.17,4.6,72,1.75,5.298,25.154,37.93,4.7,1.026,27,5.00E-12,22.6,507.8,2.04
C,0.16,7,5100,3825,2.26,12.011,4.726663002,-4.87176209,4.337951565,8.67608379,0,6.6,0.96,4.496,4.485384682,-9.209713655,0,5.64,50,50,5.6,0.77,1086.4,0.91,1.262,0.91,4.58,77,1.77,11.26,24.383,47.887,1,0.709, ,0.07, ,715,2.55
N,1.71,,77.344,63.15,1.251,14.0067,4.815689402,-4.05718461,4.1542566,6.27497729,0,6.98,-7.78875,6.437,6.182364034,-8.21144121,0,14.76875,130,50,22.6,0.75,"1,402.30",0.92,-0.001,0.75,17.3,82,1.65,14.534,29.601,47.448,240,1.042,0.02598, ,0.36,2.7928,3.04
O,1.4,,90.188,54.8,1.429,15.9994,4.894871769,-2.45975161,2.297040295,3.0735335,0,7.33,-1.775,0,5.261787573,-4.756791905,0,9.105,50,50,17.3,0.73,1313.9,0.73,1.461,0.65,14,87,,13.618,35.117,54.934,780,0.92,0.2674, ,0.222,3.4109,3.44
F,1.33,,85,53.55,1.696,18.9984,5.128407411,-0.82794713,0.870113828,-1.58696247,0,8.43,-1.2775,1.97,5.375379458,-1.698060958,0,9.7075,150,150,16.4,0.72,"1,681.00",0.72,3.401,0.57,12.6,93,,17.422,34.97,62.707,1800,0.824,0.0279, ,0.26,3.2698,3.98
Ne, ,,27.1,24.55,0.9,20.1797,6.702649876,-1.041215915,-1.135251585,-0.135856645,0,18.82,6.18,13.088,5.869787137,0.09403567,0,12.64,,,23,0.71,"2,080.60",0.71,-1.2,0.51,17.3,99,,21.564,40.962,63.45,1900,1.03,0.0493, ,0.34,1.77, 
Na,1.02,5,1156,371,0.97,22.98977,7.760395346,-1.2544847,0.005756683,1.31524918,0,29.21,-0.033333333,0,7.763346179,-1.260241383,0,29.24333333,110,50,39.7,1.54,495.8,1.9,0.548,2.23,23.7,2,0.82,5.139,47.286,71.641,71,1.23,141,20.1,2.601,98.01,0.93
Mg,0.72,44.4,1380,922,1.74,24.305,7.153611229,-1.51367083,0.02860148,4.0864554,0,22.88,-0.01,0,7.15465327,-1.54227231,0,22.89,530,50,23.4,1.36,737.7,1.6,-0.415,1.72,13.97,68,1.17,7.646,15.035,80.143,24.8,1.02,156,22.4,8.95,127.6,1.31
Al,0.54,70.5,2740,933.5,2.7,26.98154,6.46904413,-3.65018713,0.09523599,7.76407342,0,16.92,0.44,0,6.412475665,-3.74542312,0,16.48,1.6,1,16.6,1.18,577.6,1.43,0.433,1.62,10,73,1.39,5.986,18.828,28.447,23.1,0.9,237,37.7,10.7,290.8,1.61
Si,0.26,162,2630,1683,2.33,28.0855,6.160132678,-4.90201039,0.522907615,9.91441468,0,14.61,-5.83,0.773,6.889699677,-5.424918005,0,20.44,470,100,20,1.11,786.4,1.32,1.39,1.44,12.1,78,1.5,8.151,16.345,33.492,2.6,0.7,148,0.0004,50.2,359,1.9
P,0.17,5,553,317.3,1.82,30.97376,6.096226278,-4.6830362,0.717472843,10.06787517,0,14.16,-8.410238095,1.625,7.121181273,-5.400509043,0,22.5702381,200,510,18.9,1.06,1011.7,1.28,0.747,1.23,17,83,1.65,10.486,19.725,30.18,127,0.769,0.235,1.00E-16,0.63,12.4,2.19
S,0.29,19,717.82,392.2,2.07,32.066,6.29893322,-3.00278915,1.094427569,7.76558603,0,15.62,-10.166875,2.202,7.444569109,-4.097216719,0,25.786875,70,100,25.7,1.02,999.58,1.27,2.077,1.09,15.5,88,,10.36,23.33,34.83,70,0.71,0.269,5.00E-16,1.73,10,2.58
Cl,1.81,,239.18,172.17,3.214,35.4527,6.900917052,-0.9545457,0.829888055,2.21271389,0,20.54,-3.9575,2.493,7.318362479,-1.784433755,0,24.4975,150,100,29,0.99,1251.1,0.99,3.613,0.97,16.9,94,,12.967,23.81,39.611,0,0.48,0.0089, ,3.21,10.2,3.16
Ar, ,3,87.45,83.95,1.784,39.948,9.049602661,-1.02553085,-1.08407189,1.07931739,0,46.32,17.78,9.26,7.700601516,0.05854104,0,28.54,,,36.3,0.98,1520.5,0.98,-1,0.88,23.9,100,,15.759,27.629,40.74,618,0.52,0.0177, ,1.188,6.506, 
K,1.51,2.4,1033,336.8,0.86,39.0983,10.48781656,-1.096516,0.001023713,-0.05407911,0,72.1,-1.006666667,0,10.53640175,-1.097539713,0,73.10666667,170,720,75.6,2.03,418.8,2.35,0.501,2.77,45.46,3,0.65,4.341,31.625,45.72,82,0.757,102.5,16.4,2.33,76.9,0.82
Ca,1,21,1757,1112,1.55,40.078,8.383034541,-1.92725921,0.021070355,2.89542357,0,36.82,-0.95,0,8.454520649,-1.948329565,0,37.77,390,150,44.1,1.74,589.8,1.97,0.025,2.23,25.9,7,0.91,6.113,11.871,50.908,22.3,0.647,200,31.3,8.53,154.67,1
Sc,0.75,80,3109,1814,2.99,44.9559,7.08202821,-6.17209116,0.11342193,4.45180104,0,22.2,-0.035,0,7.085748043,-6.28551309,0.00000635,22.235,550,450,24.9,1.44,631,1.606,0.188,2.09,15,11,1.27,6.54,12.8,24.76,10,0.568,15.8,1.5,16.11,304.8,1.36
Ti,0.61,110,3560,1935,4.54,47.88,6.45883252,-7.66126811,0.11395901,2.97615095,0,16.84,0.15,0,6.439598241,-7.77522712,2.25E-05,16.69,110,160,17.6,1.32,658,1.448,0.084,2,10.64,43,1.52,6.82,13.58,27.491,8.6,0.523,21.9,2.6,18.6,425.2,1.54
V,0.54,129,3650,2163,6.11,50.9415,5.926510976,-8.93926069,0,6.45502198,0,13.01,0,0,5.926510976,-8.93926069,0,13.01,330,340,13.8,1.22,650,1.321,0.528,1.92,8.78,46,1.64,6.74,14.65,29.31,8.4,0.489,30.7,4,22.8,446.7,1.63
Cr,0.62,259,2945,2130,7.19,51.996,5.6328007,-9.50480758,0.00090896,7.97704267,0,11.17,-0.02,0,5.636160558,-9.50571654,0,11.19,310,410,12,1.18,652.8,1.249,0.676,1.85,7.23,49,1.73,6.766,16.5,30.96,4.9,0.449,93.7,7.9,20,339.5,1.66
Mn,0.67,198,2235,1518,7.44,54.938,5.519599495,-8.87041076,0.15015449,7.57494268,0.8185729,10.51,0.022413793,0,5.515672974,-9.02056525,0.000310121,10.48758621,160,180,12.2,1.17,717.4,1.24,-0.52,1.79,7.39,52,1.61,7.435,15.64,33.667,21.7,0.48,7.82,0.5,14.64,219.74,1.55
Fe,0.55,211,3023,1808,7.874,55.847,5.557846759,-8.28548436,0,6.45149343,2.1106628,10.73,0,0,5.557846759,-8.28548436,2.1106628,10.73,240,140,11.7,1.17,759.3,1.241,0.153,1.72,7.1,55,1.77,7.87,16.18,30.651,11.8,0.449,80.2,11.2,13.8,349.5,1.83
Co,0.65,208,3143,1768,8.9,58.9332,5.507318082,-6.98008657,0.100302575,6.14041474,1.6840372,10.44,0.195,0,5.472813497,-7.080389145,1.5484712,10.245,3.1,2.7,11.1,1.16,758,1.253,0.662,1.67,6.7,58,1.75,7.86,17.06,33.5,13,0.421,100,17.9,16.19,373.3,1.88
Ni,0.69,208,3005,1726,8.9,58.6934,5.487907316,-5.43913904,0.10718553,5.09579251,0.0645672,10.33,0.01,0,5.48613588,-5.54632457,0.5953947,10.32,100,150,10.8,1.15,736.7,1.246,1.157,1.62,6.59,61,1.75,7.635,18.168,35.17,13.4,0.444,90.7,14.6,17.2,377.5,1.91
Cu,0.73,124,2840,1356.6,8.96,63.456,5.617631504,-3.64288728,0.03776754,4.3787397,0,11.08,0.01,0,5.615940974,-3.68065482,0,11.07,160,150,11.8,1.17,745.4,1.278,1.236,1.57,7.1,64,1.47,7.726,20.292,36.83,16.5,0.385,401,60.7,13.14,300.5,1.9
Zn,0.74,95,1180,692.73,7.13,65.39,6.096226278,-1.1570915,0.082908415,3.91507328,0,14.16,0.2,0,6.067388447,-1.239999915,0,13.96,160,190,15.1,1.25,906.4,1.332,-0.62,1.53,9.2,69,1.32,9.394,17.964,39.722,30.2,0.388,116,16.9,7.38,115.3,1.65
Ga,0.62,11,2478,302.92,5.91,69.723,6.596508714,-2.97839076,0.033864542,3.94985673,0,17.94,-0.9175,0,6.707098736,-3.012255303,0,18.8575,550,190,19.6,1.26,578.8,1.41,0.43,1.81,11.8,74,1.31,5.999,20.51,30.71,19.7,0.371,40.6,1.8,5.59,256.06,1.81
Ge,0.53,115,3107,1211.5,5.32,72.61,6.702649876,-4.27836489,0.337674655,4.38004256,0,18.82,-4.185,0.383,7.166614987,-4.616039545,0,23.005,530,190,22.2,1.22,762.1,1.37,1.233,1.52,13.6,79,1.37,7.899,15.934,34.22,5.7,0.32,59.9,0.000003,31.8,334.3,2.01
As,0.58,39,876,1090,5.78,74.9216,6.725130247,-4.21496399,0.435925125,6.47464548,0,19.01,-3.165,0,7.079368793,-4.650889115,0,22.175,330,400,21.5,1.2,947,1.39,0.805,1.33,13.1,84,1.44,9.81,18.633,28.351,15.4,0.33,50,3.8,27.7,32.4,2.16
Se,0.5,20,958,494,4.79,78.96,6.859228863,-2.90074111,0.5700508,5.61176057,0,20.17,-5.75,0.799,7.457358014,-3.47079191,0,25.92,220,600,29.8,1.16,940.9,1.4,2.021,1.22,16.45,89,,9.752,21.19,30.82,45,0.32,2.04,8,5.54,26.32,2.55
Br,1.96,,331.85,265.95,3.12,79.904,7.422672127,-0.99863179,0.584393548,2.00721501,0,25.56,-3.92,1.457,7.784232888,-1.583025338,0,29.48,330,690,65.1,1.14,"1,139.90",1.14,3.364,1.12,25.6,95,,11.814,21.8,36,0,0.226,0.122,1.00E-16,5.286,14.725,2.96
Kr, ,,120.85,116,3.75,83.8,9.703282978,-0.98028443,-1.06781967,1.049049325,0,57.1,21.04,7.535,8.324955135,0.08753524,0,36.06,,,44.8,1.89,1350.7,1.12,-0.62,1.03,38.9,101,,13.999,24.359,36.95,425,0.248,0.00949, ,1.638,9.029, 
Rb,1.61,2,961,312.63,1.532,85.4678,11.23526301,-0.96193707,0.001397955,0.09088364,0,88.64,-2.0825,0,11.32256956,-0.963335025,0,90.7225,600,600,93,2.16,403,2.48,0.486,2.98,55.9,4,0.6,4.177,27.28,40,91,0.363,58.2,47.8,2.34,69.2,0.82
Sr,1.26,15,1655,1042,2.54,87.62,9.45988626,-1.67793991,0.00487369,1.71056951,0,52.91,-1.32,0,9.537909464,-1.6828136,0,54.23,420,300,56,1.91,549.5,2.15,0.052,2.45,33.7,8,0.84,5.695,11.03,43.6,22.5,0.3,3.53,5,8.2,136.9,0.95
Y,1.02,64.4,3611,1795,4.47,88.9059,8.043925049,-6.34029752,0.124302255,3.23208944,0,32.53,0.165,0,8.030301747,-6.464599775,0,32.365,980,260,32.9,1.62,616,1.81,0.307,2.27,19.8,12,1.21,6.38,12.24,20.52,11.3,0.3,17.2,1.8,17.15,393.3,1.22
Zr,0.84,94,4682,2128,6.51,91.224,7.140036982,-8.46727487,0.078683685,4.22805065,0,22.75,-0.445,0,7.186290786,-8.545958555,0,23.195,340,260,23.2,1.45,660,1.6,0.433,2.16,14.1,44,1.41,6.34,13.13,22.99,5.7,0.278,22.7,2.3,21,590.5,1.33
Nb,0.64,104,5015,2742,8.57,92.9064,6.625794375,-10.09332153,0,4.90182207,0,18.18,0,0,6.625794375,-10.09332153,0,18.18,850,880,18.1,1.34,664,1.429,0.917,2.08,10.87,47,1.64,6.88,14.32,25.04,7.3,0.265,53.7,6.6,26.9,690.1,1.6
Mo,0.59,322,4912,2896,10.22,95.94,6.308328617,-10.84610777,0,8.63699786,0,15.69,0,0,6.308328617,-10.84610777,0,15.69,240,530,15.5,1.3,684.9,1.362,0.747,2.01,9.4,50,1.77,7.099,16.461,27.16,4.8,0.25,138,17.3,36,590.4,2.16
Tc,0.56,380,4538,2477,11.5,98,6.136146578,-10.09176138,0.263389815,9.04413786,0,14.44,0.155,0,6.114112269,-10.3551512,0,14.285,,,14.2,1.27,702,1.358,0.55,1.95,8.5,53,1.81,7.28,15.26,29.54,8,0.24,50.6,0.001,23,502,1.9
Ru,0.62,430,4425,2610,12.37,101.07,6.060136004,-8.57093238,0.62370119,8.76028027,0.0000573,13.91,0.4,0,6.001481116,-9.19463357,0,13.51,320,800,14,1.25,711,1.325,1.046,1.89,8.3,56,1.83,7.37,16.76,28.47,6.4,0.238,117,14.9,25.52,567.77,2.2
Rh,0.67,330,3970,2236,12.41,102.9055,6.064489551,-6.90998391,0.34366161,7.36882436,0.3703569,13.94,0.3,0,6.020669455,-7.25364552,0,13.64,320,800,11.5,1.25,720,1.345,1.143,1.83,8.3,59,1.76,7.46,18.08,31.06,8.2,0.242,150,23,21.76,495.39,2.28
Pd,0.64,127,3240,1825,12,106.42,6.140393047,-5.0910129,0.04676167,5.18698918,0,14.47,0.06,0,6.131894222,-5.13777457,0,14.41,320,800,14.7,1.28,805,1.375,0.562,1.79,8.9,62,1.67,8.34,19.63,32.93,11.8,0.244,71.8,10,16.74,393.3,2.2
Ag,1.15,80,2436,1235.08,10.5,107.868,6.375951415,-2.71997917,0.04541439,4.0527598,0,16.2,-0.13,0,6.392961011,-2.76539356,0,16.33,120,140,17,1.34,731,1.444,1.304,1.75,10.3,65,1.36,7.576,21.49,34.83,18.9,0.235,429,62.9,11.3,250.63,1.93
Cd,0.95,62,1040,594.26,8.65,112.41,6.799769312,-0.74033904,0.071835185,3.9382943,0,19.65,0.155,0,6.781843142,-0.812174225,0,19.495,170,130,21.5,1.41,867.7,1.489,-0.725,1.71,13.1,70,1.24,8.993,16.908,37.48,30.8,0.232,96.8,14.7,6.07,99.87,1.69
In,0.8,14,2350,429.78,7.31,114.82,7.311634665,-2.65390512,0.01289684,8.39826763,0,24.43,0.17,0,7.294635453,-2.66680196,0,24.26,330,200,26.1,1.44,558.3,1.66,0.3,2,15.7,75,1.17,5.786,18.869,28.03,32.1,0.233,81.6,3.4,3.26,226.335,1.78
Sn,0.71,50,2876,505.12,7.31,118.71,7.39058945,-3.89492544,0.06612165,9.05054728,0,25.23,-8.055,0,8.105681123,-3.96104709,0,33.285,260,160,27,1.41,708.6,1.62,1.112,1.72,16.3,80,1.24,7.344,14.632,30.502,22,0.228,66.6,8.7,7.2,290.37,1.96
Sb,0.76,67,1860,903.91,6.69,121.757,7.567916458,-3.88991513,0.22744721,8.38916182,0,27.09,-4.47,0,7.963163982,-4.11736234,0,31.56,790,340,30.2,1.4,833.7,1.59,1.047,1.53,18.23,85,1.26,8.641,16.53,25.3,11,0.207,24.3,2.6,19.83,67.97,2.05
Te,0.97,40,1261,722.72,6.24,127.6,7.678955298,-2.83411842,0.307184087,7.95791419,0,28.3,-6.463333333,0.464,8.223950074,-3.141302507,0,34.76333333,290,490,33.9,1.36,869.2,1.6,1.971,1.42,20.5,90,,9.009,18.6,27.96,18.8,0.202,2.35,0.0002,17.49,50.63,2.1
I,2.2,,457.5,386.7,4.93,126.9045,8.270734499,-1.05350365,0.451898768,4.49323253,0,35.36,-7.655,1.062,8.829036318,-1.505402418,0,43.015,490,480,42.5,1.33,"1,008.40",1.33,3.059,1.32,25.74,96,,10.451,19.131,33,87,0.145,0.449,1.00E-11,7.76,20.9,2.66
Xe,0.48,,165.1,161.39,5.9,131.29,10.70604369,-0.95305264,-1.00178392,2.48552208,0,76.695,23.045,6.456,9.503784273,0.04873128,0,53.65,,,57.8,1.31,1170.4,1.31,-0.83,1.24,37.3,102,,12.13,21.21,32.1,253,0.158,0.00569, ,2.3,12.64, 
Cs,1.74,1.8,944,301.54,1.87,132.9054,12.36054054,-0.85260163,0.00202483,0.47781163,0,118.03,2.265,0,12.28096291,-0.85462646,0,115.765,600,600,67.5,2.35,375.7,2.67,0.472,3.34,71.07,5,0.55,3.894,25.1, ,100,0.24,35.9,5.3,2.092,67.74,0.79
Ba,1.42,13,2078,1002,3.59,137.33,10.05779862,-1.92352226,0,1.59964069,0,63.59,0,0,10.05779862,-1.92352226,0,63.59,300,230,62.8,1.98,502.9,2.22,0.145,2.76,39.24,9,0.81,5.212,10.004, ,20.6,0.204,18.4,2.8,8.01,140.2,0.89
La,1.16,50,3737,1191,6.15,138.9055,8.432076899,-4.79586452,0.131681665,7.77495265,0.0008051,37.47,0.5725,0,8.388912052,-4.927546185,0,36.8975,950,310,37.4,1.25,538.1,1.877,0.472,2.74,20.73,13,1.18,5.58,11.059,19.174,5.2,0.19,13.5,1.9,11.3,399.57,1.1
Ce,1.14,30,3715,1071,6.77,140.12,8.386827427,-4.65518148,0.12138817,3.65500445,0,36.87,-0.37,0,8.414788763,-4.77656965,0,37.24,950,310,34.4,1.65,527.8,1.825,0.65,2.7,20.67,15,1.19,5.54,10.851,20.2,5.2,0.19,11.4,1.4,9.2,313.8,1.12
Pr,1.13,50,3785,1204,6.77,140.9077,8.311852231,-4.64853984,0.12529012,3.59202414,0,35.89,0.215,0,8.29522152,-4.77382996,0,35.675,950,310,34.5,1.65,523,1.828,0.962,2.67,20.8,17,1.2,5.46,10.551,21.62,5.4,0.193,12.5,1.5,10.04,332.63,1.13
Nd,1.29,38,3347,1294,7.01,144.24,8.240214906,-4.6307523,0.13159904,3.44641484,0,34.97,0.16,0,8.227628401,-4.76235134,0,34.81,950,310,34.2,1.64,530,1.821,1.916,2.64,20.6,19,1.2,5.53,10.727,22.076,6.9,0.19,16.5,1.6,10.88,283.68,1.14
Pm,1.09,42,3273,1315,7.22,145,8.171305616,-4.60804875,0.136572593,3.36326605,0,34.1,0.2575,0,8.150685578,-4.744621343,0,33.8425,950,310,33.6,1.63,535,1.81,0.129,2.62,22.39,21,1.21,5.554,10.903,22.283,0, ,17.9,2, , ,1.13
Sm,1.08,45,2067,1347,2.75,150.36,8.128750143,-4.5732413,0.140138335,3.25688831,0,33.57,0.34,0,8.101214064,-4.713379635,0,33.23,950,310,33.1,1.62,543,1.802,0.162,2.59,19.95,23,1.21,5.64,11.069,23.423,0,0.197,13.3,1.1,11.09,191.63,1.17
Eu,1.07,15,1800,1095,5.24,151.965,8.355623878,-1.82958684,0,2.43429944,0,36.46,0,0,8.355623878,-1.82958684,0,36.46,950,310,48.5,1.85,547,2.042,0.864,2.56,28.9,25,0.88,5.67,11.245,24.926,41,0.182,13.9,1.1,10.46,175.73,1.2
Gd,1.05,55,3545,1585,7.9,157.25,8.052159188,-4.51068704,0.14373427,3.3984822,0,32.63,0.58,0,8.004164498,-4.65442131,0,32.05,950,310,32.9,1.61,592,1.802,0.137,2.54,19.9,27,1.21,6.15,12.095,20.635,-2,0.236,10.6,0.8,15.48,311.71,1.2
Tb,1.18,57,3500,1629,8.23,158.9253,8.009987526,-4.48480688,0.144410817,3.36716234,0,32.12,0.383333333,0,7.977995084,-4.629217697,0,31.73666667,950,310,31.9,1.59,564,1.782,1.165,2.51,19.2,29,1.22,5.86,11.525,21.91,9.4,0.18,11.1,0.9, , ,1.2
Dy,1.03,63,2840,1685,8.55,162.5,7.933617358,-4.45538074,0.146173713,3.35771331,0,31.21,-0.03,0,7.936158556,-4.601554453,0,31.24,950,310,31.6,1.59,572,1.773,0.352,2.49,19,31,1.22,5.94,11.67,22.802,9.6,0.173,10.7,1.1,11.06,230,1.22
Ho,1.02,72,2968,1747,8.8,164.9303,7.942927138,-4.4347242,0.142692677,3.13511407,0,31.32,0.586666667,0,7.893020238,-4.577416877,0,30.73333333,950,310,31.1,1.58,581,1.766,0.338,2.47,18.7,33,1.22,6.018,11.805,22.843,9.8,0.165,16.2,1.1,17.15,251.04,1.23
Er,1,73,3140,1802,9.07,167.26,7.888451856,-4.42187783,0.141755915,3.16018015,0,30.68,0.095,0,7.880301293,-4.563633745,0,30.585,950,310,30.6,1.57,589,1.757,0.312,2.45,18.4,35,1.23,6.101,11.929,22.739,9.4,0.168,14.3,1.2,17.15,292.88,1.24
Tm,1.09,76,2223,1818,9.32,168.9342,7.823640746,-4.33081911,0.14305938,3.10359129,0,29.93,0.15,0,7.810548953,-4.47387849,0,29.78,950,310,30.1,1.56,596,1.78,1.029,2.42,18.1,37,1.23,6.184,12.054,26.367,12,0.16,16.8,1.3,16.8,191,1.25
Yb,0.99,18,1469,1092,6.97,173.04,8.145664951,-1.46751146,0.00659262,1.85545181,0,33.78,-0.34,0,8.172902822,-1.47410408,0,34.12,950,310,41.1,1.7,603,1.94,-0.02,2.4,24.79,39,0.92,6.254,12.188,25.03,25.1,0.155,34.9,3.7,7.7,128,1.1
Lu,0.98,84,3668,1936,9.84,174.967,7.772773803,-4.38490891,0.13809111,2.96715842,0,29.35,0.485,0,7.729721526,-4.52300002,0.0022471,28.865,950,310,29.5,1.56,524,1.734,0.346,2.25,17.78,41,1.24,5.43,13.888,20.957,8.2,0.15,16.4,1.5,18.6,355,1.27
Hf,0.83,139,4875,2504,13.31,178.49,7.046761754,-9.77464936,0.179649975,4.73267057,0,21.87,-0.33,0,7.08202821,-9.954299335,0,22.2,340,260,22.4,1.44,642,1.564,0.017,2.16,13.6,45,1.45,6.65,14.925,23.32,5.9,0.14,23,3.4,21.76,661.07,1.3
Ta,0.64,183,5730,3293,16.65,180.9479,6.618497239,-11.85139954,0,5.43624355,0,18.12,0,0,6.618497239,-11.85139954,0,18.12,230,480,17.6,1.34,761,1.43,0.323,2.09,10.9,48,1.63,7.89, , ,6.3,0.14,57.5,8.1,36,737,1.5
W,0.6,401,5825,3695,19.3,183.85,6.356211501,-12.95880062,0,7.37947651,0,16.05,0,0,6.356211501,-12.95880062,0,16.05,700,430,15.8,1.3,770,1.37,0.816,2.02,9.53,51,1.81,7.98, , ,4.5,0.13,174,18.2,35.4,422.58,2.36
Re,0.53,461,5870,3455,21,186.207,6.186721495,-12.10177805,0.315249715,8.74669745,0,14.8,0.145,0,6.166450768,-12.41702777,0,14.655,330,330,14.7,1.28,760,1.37,0.06,1.97,8.85,54,1.85,7.88, , ,6.2,0.137,47.9,5.8,33.05,707.1,1.9
Os,0.63,550,5300,3300,22.6,190.2,6.155913408,-10.33236566,0.88833833,8.77732215,0,14.58,0.49,0,6.086164109,-11.22070399,0,14.09,5.5,9.1,13.8,1.26,840,1.34,1.1,1.92,8.49,57,1.85,8.7, , ,5.1,0.13,87.6,12.3,29.29,627.6,2.2
Ir,0.63,533,4700,2720,22.6,192.22,6.162942317,-8.22715557,0.62135588,9.63998473,0.4830855,14.63,0.42,0,6.103393257,-8.84851145,0,14.21,5.5,9.1,13.8,1.27,880,1.357,1.564,1.87,8.54,60,1.83,9.1, , ,6.4,0.13,147,21.3,26.36,563.58,2.2
Pt,0.63,175,4100,2042.1,21.45,195.08,6.224116959,-5.92513799,0.10337169,7.72009177,0,15.07,0.05,0,6.21722577,-6.02850968,0,15.02,550,910,15.1,1.3,870,1.38,2.125,1.83,9.1,63,1.78,9,18.563, ,8.8,0.13,71.6,9.4,19.66,510.45,2.28
Au,0.85,78.3,3130,1337.58,19.3,196.9665,6.444738613,-3.18445282,0.02523979,6.00475614,0,16.73,0.03,0,6.440884104,-3.20969261,0,16.7,1.1,1,16.9,1.34,890.1,1.442,2.309,1.79,10.2,66,1.57,9.225,20.521, ,14.2,0.128,317,48.8,12.36,324.43,2.54
Hg,1.02,22,629.88,234.31,13.55,200.59,7.095825093,-0.15983096,0.090274602,3.26813685,0,22.33,-2.907586207,0,7.391330115,-0.250105562,0,25.23758621,550,310,23.8,1.49,"1,007.00",1.6,-0.52,1.76,14.82,71,1.24,10.437,18.759,34.202,49,0.14,8.34,1,2.292,59.3,2
Tl,1.59,12,1746,577,11.85,204.383,7.488872387,-2.25289773,0.0197798,7.60896575,0,26.25,-0.66,0,7.551117476,-2.27267753,0,26.91,650,650,28.5,1.48,589.3,1.71,0.377,2.08,17.2,76,1.12,6.108,20.428,29.829,29.9,0.129,46.1,5.6,4.27,162.09,2.04
Pb,1.19,20,2023,600.65,11.35,207.2,7.644430423,-3.58277457,0.04625504,8.30350334,0,27.92,-0.19,0,7.661731754,-3.62902961,0,28.11,270,180,30.3,1.47,715.5,1.75,0.357,1.81,18.17,81,1.15,7.416,15.028,31.943,28.8,0.129,35.3,4.8,4.77,177.9,2.33
Bi,1.03,34,1837,544.59,9.75,208.9804,7.821897704,-3.89538374,0.07831066,8.46315729,0,29.91,-3.04,0,8.078395917,-3.9736944,0,32.95,530,600,35.3,1.46,703.3,1.7,0.942,1.63,21.3,86,1.16,7.289,16.687,25.559,13.4,0.122,7.87,0.9,11,179,2.02
Po,1,26,1235,527,9.3,209,8.434326653,-3.92813716,0.111211189,7.310142205,0,37.5,-1.23125,0,8.525643436,-4.039348349,0,38.73125,,,37.3,1.53,812,1.76,1.9,1.53,22.23,91,,8.42, , ,23, ,20,0.7,13,120,2
At,0.62,,610,575, ,210,8.434326653,-3.92813716,0.111211189,7.310142205,0,37.5,-1.23125,0,8.525643436,-4.039348349,0,38.73125,,,39.4,1.47, ,1.42,2.3,1.43, ,97,, , , ,0, ,1.7, ,12,30,2.2
Rn, ,,211.4,202,9.73,222,8.434326653,-3.92813716,0.111211189,7.310142205,0,37.5,-1.23125,0,8.525643436,-4.039348349,0,38.73125,,,41.7, ,1037,1.4,-0.725,1.34,50.5,103,,10.748, , ,0,0.094,0.00364, ,2.9,16.4, 
Fr,1.8,2,950,300, ,223,8.434326653,-3.92813716,0.111211189,7.310142205,0,37.5,-1.23125,0,8.525643436,-4.039348349,0,38.73125,,,79.6, , ,2.7,0.486,2.7, ,6,, , , ,0, ,15, ,2.1,64,0.7
Ra,1.62,16,1413,973,5,226.0254,8.434326653,-3.92813716,0.111211189,7.310142205,0,37.5,-1.23125,0,8.525643436,-4.039348349,0,38.73125,,,68.2, ,509.3,2.2,0.1,2.23,45.2,10,,5.279,10.148, ,8,0.094,18.6,1,8.37,136.82,0.9
Ac, ,34,3470,1324,10.07,227,8.96878072,-3.96089058,0.144111718,6.15712712,0,45.09,0.5775,0,8.930326207,-4.105002298,0,44.5125,,,37.4, ,498.8,1.878,0.35,1.88,22.54,14,,5.17,12.126, ,0,0.12,12, , , ,1.1
Th,1.05,73,5060,2028,11.72,232.0381,8.078395917,-7.26654681,0.14599625,7.42513365,0,32.95,0.58,0,8.030715254,-7.41254306,0,32.37,,,32.8,1.65,587,1.798,1.17,1.8,19.9,16,1.28,6.01,11.504,20.003,11,0.113,54,7.1,15.65,543.92,1.3
Pa,0.91,100,4300,1845,15.4,231.0359,7.324580926,-9.31763091,0.17978156,12.94746448,0,24.56,-0.62,0,7.385704077,-9.49741247,0,25.18,,,24.9, ,568,1.606,0.55,1.61,15,18,,5.89, , ,9.7, ,47,5.6, , ,1.5
U,0.81,186,4407,1408,18.95,238.029,6.866023547,-11.0174143,0.274925655,14.86914267,0,20.23,0.205,0,6.84275256,-11.29233996,0,20.025,,,21.1,1.42,584,1.385,0.53,1.38,12.59,20,1.51,6.05, , ,13.9,0.12,27.6,3.6,15.48,422.58,1.38
Np,0.75,900,4175,912,20.2,237.0482,6.585459265,-12.49858152,0.441732836,18.54401272,0.0000909,17.85,-0.60375,0,6.658885366,-12.94031436,0,18.45375,,,19.2, ,597,1.31,0.48,1.3,11.62,22,,6.19, , ,28, ,6.3,0.8, , ,1.36
Pu,0.86,97,3505,913,19.84,244,6.43444965,-13.71427144,0.612362865,19.07201771,0.0000048,16.65,-1.43,0,6.613623528,-14.32663431,0.318003638,18.08,,,20,1.08,585,1.51,-0.5,1.51,12.32,24,1.44,6.06, , ,46.7,0.13,6.74,0.7, , ,1.28
Am, ,,2880,1449,13.7,243,6.43444965,-13.71427144,0.612362865,19.07201771,0.0000048,16.65,-1.43,0,6.613623528,-14.32663431,0.318003638,18.08,,,29.2, ,578.2, ,0.1,1.84,17.86,26,,5.993, , ,7.1, ,10,0.7, , ,1.3
Cm, ,, ,1620,13.5,247,6.43444965,-13.71427144,0.612362865,19.07201771,0.0000048,16.65,-1.43,0,6.613623528,-14.32663431,0.318003638,18.08,,,21, ,581, ,0.28, ,18.28,28,,6.02, , ,0, ,10, , , ,1.3
Bk, ,, ,1620,14,247,6.43444965,-13.71427144,0.612362865,19.07201771,0.0000048,16.65,-1.43,0,6.613623528,-14.32663431,0.318003638,18.08,,,31.2, ,601, ,-1.72, , ,30,,6.23, , ,0, ,10, , , ,1.3
Cf, ,, ,1170, ,251,6.43444965,-13.71427144,0.612362865,19.07201771,0.0000048,16.65,-1.43,0,6.613623528,-14.32663431,0.318003638,18.08,,,27.3, ,608, ,-1.01, , ,32,,6.3, , ,0, ,10, , , ,1.3
Es, ,, ,1170, ,252,6.43444965,-13.71427144,0.612362865,19.07201771,0.0000048,16.65,-1.43,0,6.613623528,-14.32663431,0.318003638,18.08,,,27.3, ,619, ,-0.3, , ,34,,6.42, , ,0, ,10, , , ,1.3
Fm, ,, ,1130, ,257,6.43444965,-13.71427144,0.612362865,19.07201771,0.0000048,16.65,-1.43,0,6.613623528,-14.32663431,0.318003638,18.08,,,27.3, ,627, ,0.35, , ,36,,6.5, , ,0, ,10, , , ,1.3
Md, ,, ,1800, ,258,6.43444965,-13.71427144,0.612362865,19.07201771,0.0000048,16.65,-1.43,0,6.613623528,-14.32663431,0.318003638,18.08,,,27.3, ,635, ,0.98, , ,38,,6.58, , ,0, ,10, , , ,1.3
No, ,, ,1100, ,259,6.43444965,-13.71427144,0.612362865,19.07201771,0.0000048,16.65,-1.43,0,6.613623528,-14.32663431,0.318003638,18.08,,,27.3, ,642, ,-2.33, , ,40,,6.65, , ,0, ,10, , , ,1.3
Lr, ,, ,1900, ,260,6.43444965,-13.71427144,0.612362865,19.07201771,0.0000048,16.65,-1.43,0,6.613623528,-14.32663431,0.318003638,18.08,,,27.3, , , ,-0.31, , ,42,, , , , , ,10, , , , 
Rf, ,, , , ,261,6.43444965,-13.71427144,0.612362865,19.07201771,0.0000048,16.65,-1.43,0,6.613623528,-14.32663431,0.318003638,18.08,,,27.3, , , ,1.565, , ,,, , , , , , , , , , 
Ha, ,, , , ,262,6.43444965,-13.71427144,0.612362865,19.07201771,0.0000048,16.65,-1.43,0,6.613623528,-14.32663431,0.318003638,18.08,,,27.3, , , ,0.69, , ,,, , , , , , , , , , 
Sg, ,, , , ,263,6.43444965,-13.71427144,0.612362865,19.07201771,0.0000048,16.65,-1.43,0,6.613623528,-14.32663431,0.318003638,18.08,,,27.3, , , ,0.366, , ,,, , , , , , , , , , 
Hs, ,, , , ,262,6.43444965,-13.71427144,0.612362865,19.07201771,0.0000048,16.65,-1.43,0,6.613623528,-14.32663431,0.318003638,18.08,,,27.3, , , ,0.776, , ,,, , , , , , , , , , 
Bh, ,, , , ,265,6.43444965,-13.71427144,0.612362865,19.07201771,0.0000048,16.65,-1.43,0,6.613623528,-14.32663431,0.318003638,18.08,,,27.3, , , ,1.719, , ,,, , , , , , , , , , 
Mt, ,, , , ,266,6.43444965,-13.71427144,0.612362865,19.07201771,0.0000048,16.65,-1.43,0,6.613623528,-14.32663431,0.318003638,18.08,,,27.3, , , ,0.056, , ,,, , , , , , , , , , 
Uun, ,, , , , ,6.43444965,-13.71427144,0.612362865,19.07201771,0.0000048,16.65,-1.43,0,6.613623528,-14.32663431,0.318003638,18.08,,,27.3, , , ,0.662, , ,,, , , , , , , , , , 
,,,,,,,,,,,,,,,,,,,,,,,,,0.021,,,,,,,,,,,,,,
,,,,,,,,,,,,,,,,,,,,,,,,,0.57,,,,,,,,,,,,,,
